Model,MAE,RMSE,R2 Score
Linear Regression,14.37214746210938,22.60874133322759,0.8448318736797148
Random Forest,13.67037199293049,22.346746639319363,0.8484072763294026
XGBoost,12.55593338230289,20.416007647802157,0.8734706184739219
